{
  "name": "jts-racing-website",
  "version": "1.0.0",
  "description": "Official website for JTS Racing – RAF Air Cadet sim racer chasing real-world motorsport dreams in the Ginetta GTA Cup.",
  "main": "index.html",
  "scripts": {
    "dev": "vite",
    "build": "vite build",
    "preview": "vite preview"
  },
  "dependencies": {
    "react": "^18.2.0",
    "react-dom": "^18.2.0",
    "lucide-react": "^0.378.0"
  },
  "devDependencies": {
    "@vitejs/plugin-react": "^4.2.1",
    "autoprefixer": "^10.4.19",
    "postcss": "^8.4.38",
    "tailwindcss": "^3.4.3",
    "vite": "^5.2.0"
  }
}